x,y,class
4.194795493,-0.938061733,apple
8.269128898,-4.45006093,apple
8.451618227,3.547347061,apple
7.127930773,-4.404420324,apple
5.993756011,5.669072796,apple
11.2078099,0.245241629,apple
7.333650389,6.902596076,apple
11.44191131,-2.28101207,apple
14.15438376,0.485670776,apple
13.57913699,-3.469132578,apple
9.679745272,4.546273284,apple
9.351853555,-1.780410753,apple
14.05393572,-7.890689259,apple
12.28953436,0.07076998,apple
11.45573666,8.308202884,apple
9.190286817,-4.188119178,apple
10.24246816,4.363579898,apple
11.35601136,1.660938111,apple
6.032150541,-0.222221108,apple
11.59526897,-2.747807361,apple
12.36550636,4.086692438,apple
8.541211801,-5.0317478,apple
7.276521285,-5.966368741,apple
11.11389512,4.065334448,apple
13.28613383,-2.408748173,apple
10.23996842,0.255146771,apple
8.01306068,1.132917388,apple
12.02682143,-3.030672832,apple
9.745573594,0.965014706,apple
6.157351491,-0.656983148,apple
10.10295974,1.479433956,apple
7.859940451,0.700517442,apple
11.90710989,2.503929301,apple
7.512546511,0.417395238,apple
8.769430652,-3.236712169,apple
9.167436989,0.296084913,apple
11.4302925,2.0087317,apple
11.47283633,2.908893034,apple
3.795825218,1.539353729,apple
9.749643524,3.661059384,apple
11.67605295,-5.74046383,apple
7.667795309,-7.610111285,apple
8.834493417,-1.683207757,apple
9.881248379,-0.073990206,apple
9.619420664,3.425928675,apple
10.54152888,4.837246942,apple
11.80938404,4.341106625,apple
8.645207769,-2.185239292,apple
11.6281847,0.19022642,apple
13.33562828,3.653085393,apple
9.063863451,0.225879139,apple
6.644463459,2.22224949,apple
7.599368735,5.671641414,apple
3.685168858,2.289697935,apple
10.34681897,2.905365325,apple
18.05171813,-2.035695537,apple
4.396668416,1.033561678,apple
9.338002385,3.56851938,apple
2.871272586,-4.28460555,apple
7.784451731,3.948825295,apple
9.021438428,-4.446670299,apple
8.169116713,2.457039134,apple
10.74752318,-1.546647381,apple
12.73463777,-3.212394585,apple
12.99309104,0.720106881,apple
6.395409814,1.076256894,apple
10.73148514,1.080928703,apple
12.6285553,-2.484134321,apple
4.911956138,4.442404881,apple
5.89980151,-0.481507177,apple
5.662852729,2.649119957,apple
5.00131319,0.569305311,apple
7.822287505,5.232716781,apple
9.463055014,-0.030718606,apple
9.162146747,-0.279446158,apple
14.23683829,1.835205664,apple
9.921213624,4.939016954,apple
14.19028281,-5.394979417,apple
12.40828712,4.654646337,apple
9.291500114,1.84650251,apple
5.69410254,1.250493545,apple
12.34383534,-0.405757605,apple
17.56945934,2.709838642,apple
8.207542636,-2.920409313,apple
12.12920034,-1.938177466,apple
9.911302582,5.364178152,apple
8.130374048,-1.179142025,apple
18.72363366,1.626856673,apple
9.522823073,3.088981311,apple
10.40598899,5.60277982,apple
8.373052547,2.949138912,apple
7.691846923,4.109594241,apple
6.645228233,4.692825268,apple
0.419520004,5.376044779,apple
12.2659094,0.867134693,apple
10.21304164,-2.09514341,apple
8.532637269,-0.239348863,apple
14.25710443,-1.073614372,apple
12.86874766,8.681242556,apple
7.538953894,-3.984846894,apple
9.498797403,12.23095947,apple
16.95007644,-1.225518585,apple
12.75975029,-0.334053832,apple
6.697468726,3.136113392,apple
11.88315632,-3.959026604,apple
12.83065843,0.323596362,apple
10.08709808,3.373180547,apple
7.251164877,4.070028647,apple
15.10741379,-2.513761845,apple
12.78145237,2.209419322,apple
12.86075209,-0.642679069,apple
6.647179628,1.661245062,apple
11.39452953,1.149749284,apple
7.324570199,-4.707977943,apple
9.164797862,1.195337163,apple
10.54512384,2.495151959,apple
6.753191186,5.053551204,apple
9.33390586,-1.616201105,apple
8.067795571,3.607947076,apple
10.83848406,-4.044544507,apple
2.904113997,0.987564762,apple
13.15459151,4.307170852,apple
10.86425683,-3.79752546,apple
12.6808637,2.55846892,apple
14.70815698,3.206905863,apple
14.77017647,-0.933236302,apple
15.00672183,0.49260835,apple
12.40868253,7.953279711,apple
9.721539559,-0.434698954,apple
11.07042567,7.073973228,apple
11.76242996,3.728000951,apple
5.536670333,6.352025111,apple
0.885548424,1.702022044,apple
7.962566089,-4.135870497,apple
8.524949347,-7.613212489,apple
8.472301526,1.566159946,apple
9.721519091,4.43760466,apple
8.67923257,12.59746699,apple
7.891905393,2.950278553,apple
3.112825282,-1.286893588,apple
8.740379216,-2.843008444,apple
12.25879666,2.888349194,apple
8.918850401,-0.670575284,apple
6.042077424,5.690501771,apple
6.08779764,0.13143679,apple
3.564569427,-2.507955492,apple
4.475941665,-0.509534863,apple
4.62972872,3.580857936,apple
6.803557948,1.937861826,apple
7.679492181,-2.845093997,apple
12.03513856,0.605684182,apple
12.2632472,-0.732645705,apple
12.58757756,3.261768432,apple
11.00695325,-1.255167874,apple
13.35349421,-3.048401563,apple
14.74113839,-1.51866797,apple
8.281398428,-0.186380983,apple
7.084900612,0.083711118,apple
-3.169166326,-1.210424127,apple
9.663668498,-1.721832685,apple
9.736046736,2.847846526,apple
8.852120774,7.198390559,apple
8.505716661,0.97016034,apple
2.974399709,0.392300696,apple
6.88281642,1.145289576,apple
11.51146526,-3.509721138,apple
7.123921551,4.542514441,apple
8.833319052,-9.558954896,apple
10.56978517,-0.078066434,apple
13.96116917,2.283674946,apple
8.060342538,4.194652632,apple
11.50950217,2.636322615,apple
18.47564362,3.789607415,apple
6.971499237,-2.347139008,apple
12.06999847,4.201793878,apple
9.333951365,-0.93805301,apple
11.92516938,4.717887492,apple
13.52096782,9.683612391,apple
12.82304335,0.328946331,apple
16.38971835,6.144948102,apple
13.50786813,10.13775964,apple
5.912394209,6.57859108,apple
12.2844396,1.518482672,apple
9.889711527,-2.080151081,apple
13.31581771,0.357420389,apple
11.44767931,-1.889224049,apple
8.568035866,-1.956360947,apple
11.86057017,2.882068657,apple
8.465342216,3.109564515,apple
7.538245305,-1.531790304,apple
7.198042472,-6.694457911,apple
8.257395297,-5.085586983,apple
6.910210266,-2.902440768,apple
7.88982958,-1.323308553,apple
13.66222923,1.941408576,apple
12.71642786,2.159040781,apple
13.3198163,4.47034238,apple
14.06539604,4.807709826,apple
9.006466847,7.836758897,apple
4.667299914,-1.346565271,apple
12.80193704,-1.575713306,apple
3.73950099,2.756575777,apple
5.497350823,0.570654175,apple
9.976527375,1.644306822,apple
12.9943388,5.214754837,apple
7.558946186,5.095240893,apple
4.790042717,2.435417338,apple
13.56192889,-3.425168753,apple
10.12952795,2.557537163,apple
5.011142357,1.123526446,apple
7.492990759,-2.643169909,apple
6.159738011,5.250467512,apple
6.225123204,-3.159966581,apple
13.60234348,-1.622580766,apple
10.44172928,0.775457057,apple
11.35162836,-1.322058968,apple
9.77966599,1.921864011,apple
9.548634035,2.74371174,apple
13.47758733,4.277356153,apple
14.40841727,6.705803028,apple
11.8795683,1.109572919,apple
9.393470664,0.153511867,apple
5.471280808,4.320478828,apple
7.320752575,0.355706931,apple
12.8196344,2.990296525,apple
9.424158873,-2.147913067,apple
9.378674008,1.191292775,apple
10.35359423,3.599900473,apple
6.424927824,1.142898841,apple
13.65010382,1.374786564,apple
4.722009498,0.863707456,apple
8.013095496,2.35827122,apple
3.669039154,4.225119208,apple
12.78919273,2.610979177,apple
14.77236119,0.824331069,apple
10.53075928,-0.022654397,apple
7.966334183,3.798758746,apple
15.45880151,-0.460046224,apple
10.63845795,-1.255230425,apple
7.218965082,1.742181919,apple
12.02703458,1.434725811,apple
11.28694872,0.428727873,apple
7.806679469,0.748957518,apple
8.694629662,-3.895052052,apple
8.156063075,0.354300271,apple
12.11453123,1.637591164,apple
13.67784401,2.796916781,apple
13.29763079,2.38708195,apple
17.85448359,1.775330537,apple
7.84997488,0.574561056,apple
12.80821857,2.190999699,apple
8.619848432,6.154464799,apple
10.56483383,-0.979629571,apple
14.2079174,-6.676747084,apple
14.02842853,-5.067035064,apple
10.46731965,0.914110766,apple
4.348847796,5.619647978,apple
12.49613297,-3.510526055,apple
18.96623032,0.247854326,apple
8.514287183,6.978256532,apple
12.8666809,-5.929220095,apple
6.062169929,1.740128932,apple
12.75108202,0.68730413,apple
11.28522416,0.71604794,apple
7.559690943,2.135983585,apple
6.026764124,8.755290138,apple
4.186745545,-2.658650014,apple
11.30787735,-4.51014856,apple
9.897498978,9.473510381,apple
11.67239264,-4.398139923,apple
0.539982847,2.831957807,apple
13.18612334,1.686399338,apple
8.411450538,-0.621240669,apple
10.20877012,-5.790688415,apple
10.23791576,-2.59988017,apple
17.42332295,-0.557903068,apple
10.81212887,1.106016989,apple
5.359346836,-0.425875278,apple
6.179016917,8.149390126,apple
12.82756292,7.420836363,apple
7.174649452,4.892144377,apple
12.18024953,3.178911504,apple
6.268197228,5.671576085,apple
14.80719636,3.029692342,apple
16.90812975,4.606218754,apple
5.621296029,1.191978306,apple
6.145894318,-0.529305329,apple
9.601197623,6.471029785,apple
9.862766426,2.953171535,apple
11.25847858,-5.112313519,apple
7.846285723,1.448981884,apple
19.12304855,-1.912961321,apple
14.5488051,3.988725058,apple
10.48367582,-5.206513113,apple
9.919297616,1.249695637,apple
11.83356046,2.839533752,apple
11.21872968,0.736384824,apple
9.566527877,-0.158185587,apple
11.54512527,5.209358037,apple
11.17167628,-2.789484136,apple
7.473950468,-3.16487775,apple
12.98598181,2.048341493,apple
10.02731252,6.338346054,apple
9.609144553,0.79343216,apple
10.31766388,2.186462047,apple
4.267652919,0.437966408,apple
12.7519553,-1.861615725,apple
11.3419337,4.204159789,apple
17.29852231,-2.066499196,apple
13.66396429,-1.11344081,apple
6.067363137,-4.518648683,apple
12.15626383,-9.661588602,apple
6.073749812,-4.024206362,apple
5.911044518,-2.708888038,apple
12.13029214,1.269357974,apple
6.213803126,2.780912887,apple
7.985838209,3.732825978,apple
17.33721639,3.745795338,apple
3.519522321,-4.664454814,apple
8.042870229,3.162470589,apple
15.31059501,3.096132231,apple
13.44116961,2.904296999,apple
13.91030659,6.807736759,apple
7.090192199,3.685594104,apple
8.258025917,-2.37985208,apple
9.894331148,1.628596125,apple
14.13089814,2.052509205,apple
11.51294299,2.716457618,apple
7.300166241,4.827765534,apple
13.40670847,7.944100689,apple
3.285658338,2.100610907,apple
9.831391725,-1.530446505,apple
14.0296684,-4.575401625,apple
9.147364039,-0.762649701,apple
9.825277147,-1.447072483,apple
9.056332866,3.104799931,apple
12.55525737,0.042740855,apple
11.04051796,-2.042949181,apple
15.5413187,6.212590337,apple
11.91938694,-3.750092497,apple
10.18400607,0.496965898,apple
13.68408523,0.228756893,apple
10.8674228,-0.108255676,apple
19.13973066,5.247309026,apple
10.6985744,-5.741955017,apple
12.04620628,-2.49557447,apple
15.84614281,-7.078803139,apple
16.74785504,2.194786104,apple
7.415903608,1.835408113,apple
17.01027976,-2.852899083,apple
9.430741638,7.355492881,apple
10.42288634,4.04758154,apple
13.47098845,1.318742601,apple
8.082670724,0.437695728,apple
12.44209703,6.061045726,apple
7.365140617,-5.937124248,apple
9.21915936,-2.159238629,apple
13.95706134,4.562435783,apple
7.036305497,2.027162849,apple
9.913810283,6.158670168,apple
12.72187637,-4.420449878,apple
10.8016006,0.67548883,apple
5.921867357,6.414244148,apple
10.9631931,6.054503459,apple
2.836987299,0.594242089,apple
8.885679923,6.44159153,apple
6.057767556,2.875476908,apple
11.60691928,-3.584411168,apple
10.97956972,-5.823200631,apple
7.369881516,3.198340755,apple
10.35334681,5.943109763,apple
12.47383638,1.01100557,apple
12.76222297,-1.060648285,apple
11.71766835,-0.217425362,apple
16.34945201,-0.928671848,apple
1.625497185,2.631558055,apple
15.31909267,-1.468799775,apple
11.8109781,3.365831132,apple
-1.764525323,-2.953765851,apple
7.195788334,-3.883395043,apple
15.74500099,5.200494281,apple
7.886850156,2.465631971,apple
9.532949412,7.37288975,apple
6.169855988,3.724105051,apple
8.356419869,-1.160879706,apple
16.66741264,-0.880097062,apple
5.595077781,0.628500134,apple
7.335575783,-0.871700662,apple
15.12103613,4.39976416,apple
13.67259156,-0.496789229,apple
5.826692334,3.923064934,apple
10.34245582,9.127710871,apple
7.557993198,-2.509522738,apple
5.831389433,-1.386544634,apple
14.1620826,-4.276499366,apple
10.27655176,-1.184268135,apple
9.803594644,2.510974444,apple
9.696170829,-1.87588355,apple
15.4288787,2.499378092,apple
11.80634638,2.024460861,apple
16.66365277,4.889727811,apple
14.89878612,-0.195549164,apple
8.492268108,2.094565316,apple
5.701833198,2.643951653,apple
11.11424284,4.955306264,apple
12.32807041,-1.124521156,apple
8.231123759,1.180445477,apple
10.16408803,8.580959328,apple
14.54764007,-3.787907049,apple
9.849486952,0.014986641,apple
10.92971377,0.436369553,apple
7.976053009,-5.740031609,apple
12.22797206,3.459680982,apple
9.182082145,5.102666398,apple
2.148359459,4.01901228,apple
9.946755296,6.616040421,apple
17.41125738,-1.271873549,apple
10.79326921,5.778466055,apple
11.52255477,4.972303933,apple
15.28850023,-1.819488917,apple
8.094049887,4.159400288,apple
11.10875483,4.666184519,apple
6.282017402,5.160135387,apple
16.74337998,-1.944229305,apple
5.149076543,-3.81195219,apple
9.428709402,5.351685869,apple
10.25611638,2.216338988,apple
9.726911818,2.442115031,apple
9.05647141,0.056329142,apple
3.988421918,2.367605179,apple
10.48962951,-0.006257217,apple
12.51019028,2.339394728,apple
4.928367114,5.315166897,apple
4.004095263,-0.461822849,apple
12.73657937,2.677775581,apple
11.41340478,7.182048929,apple
8.288730824,1.078385969,apple
5.416142014,-3.463899292,apple
7.362313897,3.063614101,apple
10.22297512,-1.443319378,apple
7.053869671,6.841325345,apple
11.36575245,1.172415605,apple
7.972620785,8.403968207,apple
5.652974397,-4.800702901,apple
9.214620001,1.026291378,apple
11.8327142,0.486456681,apple
8.988436369,-3.872565358,apple
14.6217528,2.237274884,apple
14.75760311,-2.575373384,apple
15.12410338,-2.361906103,apple
3.275546655,1.982994899,apple
10.63775638,-6.985857302,apple
9.321682481,-1.083185604,apple
9.45772256,1.831705922,apple
10.13653988,-3.448389013,apple
10.80244173,2.824037332,apple
7.322374227,-0.815066619,apple
15.64249298,5.953290397,apple
7.14367189,7.744482269,apple
12.80863271,3.679118613,apple
10.57820887,3.145262907,apple
9.585035602,5.281555002,apple
7.791211352,4.511747261,apple
13.99990163,4.100466452,apple
10.37369396,2.309427075,apple
5.252608516,-2.573519975,apple
11.72766808,-1.104172161,apple
5.903064692,-0.40417987,apple
12.8842473,-1.430039421,apple
11.94434919,-4.075457656,apple
8.45550477,6.172633841,apple
8.548293542,-6.075429094,apple
12.15474273,1.574299902,apple
13.5291167,5.356442521,apple
10.38626377,1.12536624,apple
12.85689507,-3.963466487,apple
4.878308983,0.76651232,apple
15.14201777,2.728651739,apple
10.18473008,-2.162606497,apple
14.34447693,0.783687396,apple
12.49934279,-3.456057618,apple
0.001051255,-1.994770794,apple
7.160927337,5.005161021,apple
7.766454232,2.614744314,apple
11.27128463,-4.788746923,apple
13.77786706,1.096834415,apple
10.51741191,5.229866297,apple
7.1828773,-0.644480794,apple
9.439311628,7.29650469,apple
10.170345,-2.100234647,apple
7.379374104,2.595453702,apple
11.89569692,-5.451897177,apple
7.397925462,-4.465864472,apple
7.160811167,3.756573502,apple
13.89753515,3.344626852,apple
8.151984379,-1.289468913,apple
7.007225937,-1.740292928,apple
11.51520037,2.509431212,apple
7.392340615,1.976536193,apple
8.860552905,5.092364714,apple
-0.799495254,7.080541494,banana
4.421452366,3.294005825,banana
3.217746593,4.342916179,banana
-0.241683873,3.78547271,banana
0.011110977,6.016328709,banana
0.854131886,-1.862801499,banana
0.048281184,5.372261479,banana
4.129364368,6.795766995,banana
-0.205237299,2.646850874,banana
2.932213173,9.631687385,banana
-1.592672837,4.039786157,banana
0.226104005,4.384660891,banana
-2.332154263,7.413421432,banana
-1.083560704,7.969856976,banana
4.025539952,4.332986525,banana
3.128083494,2.088494598,banana
7.988483291,6.589054764,banana
-1.796439257,4.559794202,banana
0.77119445,7.692513554,banana
-7.607354628,-1.317890626,banana
-3.654609263,9.336689367,banana
3.1337986,9.588502511,banana
0.641320731,5.870453206,banana
-5.508537388,5.110740667,banana
-5.640294727,10.66490555,banana
-2.65761495,1.464210085,banana
3.453832378,8.177699262,banana
-0.791329408,4.829523786,banana
3.438768873,5.848569262,banana
8.920870604,1.109020222,banana
-2.863795788,3.471949713,banana
-0.781714139,5.3991241,banana
2.368235282,6.610494524,banana
-1.807777094,3.92955778,banana
-1.287846664,4.265462689,banana
-1.745523547,3.848899066,banana
2.365850076,4.611184783,banana
-4.558381807,3.402341124,banana
-0.479350542,6.124426626,banana
3.602155598,9.195919812,banana
5.69899255,-0.381237195,banana
-1.745970724,6.007622521,banana
0.161927487,1.80456975,banana
2.418916787,5.885963306,banana
2.96047949,6.430927257,banana
5.482324731,6.543125948,banana
-1.268005209,-2.485965902,banana
-3.207935378,14.18016735,banana
2.336271174,3.95450774,banana
-1.813306877,8.289527279,banana
-2.44962097,7.117164678,banana
4.716547077,8.135980992,banana
0.135336435,3.412824743,banana
0.437967649,-3.865480109,banana
-0.590747623,7.408175578,banana
1.919693107,-5.26539499,banana
0.83015909,5.61969672,banana
1.900271715,10.48738252,banana
0.673565458,0.83897468,banana
-5.475296919,8.152114391,banana
0.229690705,8.690247458,banana
4.47592012,-2.69963667,banana
-1.703074695,-0.130340243,banana
0.560091641,5.137757496,banana
-2.005925479,7.291178783,banana
0.341559489,2.355770193,banana
1.628939929,0.662685085,banana
5.052308115,2.621584956,banana
1.172034929,5.105794936,banana
-4.159066329,9.886389942,banana
-4.993538334,1.788616936,banana
-2.781424832,1.277812631,banana
-2.436886329,8.908809955,banana
4.256465707,1.192108049,banana
1.690500554,3.092192257,banana
-1.546346137,1.096071216,banana
-3.040796293,3.760822961,banana
-1.885363642,6.062275286,banana
0.187030939,8.63202297,banana
1.023634752,3.250550132,banana
-4.367896747,2.422266831,banana
-2.865125041,6.835803611,banana
-3.118738379,9.090643043,banana
-3.746818753,4.083877689,banana
-4.197602834,8.949972804,banana
2.628424235,7.432473848,banana
-3.483966023,6.600011249,banana
-2.925983879,7.632831389,banana
-0.897912336,7.874340038,banana
7.0138994,15.40991575,banana
-0.402180957,6.742999076,banana
-6.522468703,3.092758169,banana
0.504738103,8.197140739,banana
-5.223294058,7.340802288,banana
-3.087667837,9.79675679,banana
4.414120359,11.53452389,banana
0.528265751,1.621196877,banana
0.577347961,3.124359338,banana
4.440610639,5.591678464,banana
1.68386272,2.159245769,banana
0.066285617,7.728717974,banana
-1.719456745,4.269180586,banana
-0.320041768,4.493139464,banana
-3.277066886,-1.960638284,banana
2.471778617,13.60520111,banana
-2.000037523,6.426380267,banana
3.149417865,7.786950202,banana
-6.399234372,10.37962743,banana
-1.854317224,7.01927521,banana
5.328756523,-2.197184838,banana
-1.280112796,4.547530395,banana
0.743138994,8.386873115,banana
2.635659541,3.098576188,banana
-4.945765763,0.130878006,banana
4.568846436,8.986773304,banana
2.940917107,1.299205702,banana
1.40821528,10.78772029,banana
2.77517593,4.934650722,banana
1.355062922,5.601739255,banana
5.136962521,10.20240188,banana
0.58205044,9.662578605,banana
-2.59860879,6.942504548,banana
0.774185895,-1.465680648,banana
7.47557735,4.842606407,banana
2.265886176,6.375219736,banana
-2.973161043,6.137848914,banana
3.10268024,-1.987650394,banana
-3.660098816,7.100635797,banana
-6.748511908,5.890715507,banana
-1.557560567,-1.630661573,banana
-1.09405212,4.03582699,banana
-1.990704889,5.530018381,banana
7.246509325,-1.451799302,banana
0.837465138,2.216824261,banana
2.238280654,3.871965228,banana
3.203936297,6.43374261,banana
-1.539816375,5.246112655,banana
-0.692997878,2.236881277,banana
1.66727712,11.66442571,banana
0.096844441,10.27232319,banana
4.373403767,8.363723513,banana
-3.218129503,5.929062954,banana
3.091937932,0.554897765,banana
3.446142989,3.815324204,banana
-1.279158817,2.585621839,banana
3.645626211,4.510027575,banana
0.450134099,3.048330189,banana
1.117284683,4.816011351,banana
6.802663945,3.954640101,banana
0.14121861,5.038032395,banana
-5.392308299,6.121257286,banana
4.046292415,8.207198907,banana
6.012895767,1.455939718,banana
-1.442345511,2.433222167,banana
-2.709447664,12.61465801,banana
-0.249253862,7.516337736,banana
9.301277759,14.87859753,banana
-3.341682771,-1.007355643,banana
1.398698686,3.198705649,banana
-1.357834818,0.153522976,banana
-1.222891273,2.41129539,banana
-0.341418563,-2.645368109,banana
2.104248476,5.237890502,banana
0.710495547,5.834374698,banana
4.687612022,6.719659405,banana
-2.867705014,0.745602096,banana
1.057638517,7.386250627,banana
2.091161334,13.80834137,banana
5.576822971,8.738569164,banana
5.551848914,1.465481814,banana
5.170173869,10.09948876,banana
3.748621685,4.84121156,banana
4.417625357,3.250189947,banana
2.546277304,5.775337331,banana
-1.929677115,6.605178062,banana
1.604479579,1.655514793,banana
0.907967941,6.652128295,banana
2.69375052,11.17603567,banana
9.482579225,8.090168209,banana
-0.689766433,9.454118082,banana
1.744533955,-4.134676201,banana
2.413218397,8.031955232,banana
2.833623095,6.015453803,banana
5.101970274,11.1984678,banana
3.79917093,-3.984098181,banana
-1.017723595,-2.053610971,banana
0.190759281,9.828378652,banana
7.304329699,3.736927295,banana
-3.791419156,4.093134428,banana
-1.934400563,5.699051545,banana
-5.673510792,5.177192352,banana
4.126485978,2.719929485,banana
-4.465127652,2.497358487,banana
-2.882345579,6.420170973,banana
0.034719298,2.693206699,banana
1.873159481,-3.342685231,banana
0.516931482,3.803972834,banana
-0.44321178,6.087982076,banana
3.932205403,4.153297642,banana
0.104425885,3.288219724,banana
-3.889075081,9.45615279,banana
1.184997782,0.882953997,banana
6.080769325,10.01855282,banana
4.409873796,6.154527457,banana
0.766125699,6.340089175,banana
3.04302115,-1.998727386,banana
4.149710297,2.013771151,banana
5.416572214,4.36370461,banana
4.6706399,7.358128343,banana
-0.681882517,3.758785124,banana
1.667409493,3.565247211,banana
3.86155606,3.644287718,banana
2.672025596,4.381264555,banana
-0.449319597,3.928931085,banana
0.41704704,7.902877486,banana
-3.348508663,10.99505319,banana
-2.428785119,4.493987295,banana
0.491648398,4.310671917,banana
0.050636508,3.567141595,banana
-4.10416428,10.27189881,banana
-0.57024273,2.161356107,banana
2.509187995,3.12195767,banana
4.456366393,3.630414379,banana
0.009877807,5.593218469,banana
6.527733566,4.809001134,banana
2.346072318,6.573544706,banana
-0.030332558,0.488079162,banana
-4.163733723,11.39513115,banana
-0.290904702,4.053966262,banana
-0.190267821,4.026411663,banana
5.643802144,6.093745231,banana
-6.253444138,8.361674861,banana
-1.563803519,6.019644906,banana
-1.473573771,5.791746819,banana
3.484634022,1.317267107,banana
0.388787083,3.765203818,banana
1.516863831,3.226102705,banana
-0.380049952,2.270300232,banana
-0.101665615,10.87631693,banana
0.668809851,0.085375787,banana
0.12863951,2.881019997,banana
5.716859826,2.868056589,banana
3.220740418,-1.7183023,banana
1.395086553,6.194927513,banana
0.33647756,6.128502977,banana
-0.068298531,4.498552318,banana
-3.106958577,9.41519529,banana
-3.720287961,5.490051841,banana
-2.983319243,7.504252585,banana
-0.094239131,6.735129606,banana
0.340226202,9.778268926,banana
0.233455729,7.935895974,banana
2.832563431,4.576685069,banana
1.780193518,8.072551756,banana
2.125358598,0.925457824,banana
7.270766736,8.280931199,banana
-0.464380091,8.126201327,banana
5.014209511,7.694812058,banana
3.171011986,5.554791653,banana
0.20412485,2.800814272,banana
0.898131138,5.49075082,banana
-3.682894844,3.777921467,banana
3.427442249,2.768367689,banana
0.893592495,4.891920541,banana
-0.391469098,-1.204401528,banana
-3.864364468,5.089566229,banana
1.137699429,9.027680918,banana
3.898350524,5.114625087,banana
2.940587314,10.04404655,banana
-2.086125804,4.544025651,banana
1.996746849,8.529008779,banana
2.480849522,7.52680137,banana
-1.432244971,3.577210314,banana
-1.722087898,4.92072359,banana
-1.545230629,5.465928642,banana
3.399066706,10.79485247,banana
2.568922066,0.760636327,banana
1.072133913,9.70008253,banana
4.046066977,8.387490966,banana
-0.956846681,6.429521467,banana
1.867564391,5.00894619,banana
4.3113111,6.581673462,banana
-3.9813389,4.351369561,banana
-3.239037356,5.972277472,banana
2.312415073,2.977545053,banana
-2.469551649,1.086104171,banana
4.868397587,4.461035308,banana
4.610592147,-1.937042346,banana
1.550843477,1.820763303,banana
6.239422863,7.178041029,banana
0.399523957,1.701983609,banana
0.829394915,3.330005027,banana
3.410702308,11.64367331,banana
-2.598191829,2.726684761,banana
-3.660830941,8.331168476,banana
0.770828184,3.538232639,banana
-2.296734818,8.407202645,banana
-1.29332904,4.619385019,banana
2.218264966,5.555451006,banana
-1.489121511,3.615391937,banana
2.20242537,4.607687281,banana
2.411324312,5.857752983,banana
-2.458882514,3.154685673,banana
-1.765716544,0.985094694,banana
2.69866975,9.475165669,banana
5.375628631,8.150763618,banana
3.518829946,-0.177506598,banana
-1.081712311,6.541614016,banana
-1.987135392,4.025609991,banana
2.843482981,6.222410336,banana
2.574489511,6.777983388,banana
-1.909626841,-0.073084627,banana
4.72916785,4.559321057,banana
8.905744798,8.934090386,banana
1.037116695,1.520812205,banana
-4.58086242,7.749101082,banana
-2.940560698,7.176222915,banana
-1.231227266,8.367462439,banana
2.051617707,4.143621078,banana
2.993246757,2.990058049,banana
5.92555378,1.217867382,banana
5.821975628,6.935892416,banana
-1.164900612,8.523511507,banana
1.966658364,5.814915179,banana
-1.22007129,6.373157319,banana
2.44111781,1.684913512,banana
2.548344851,7.799423411,banana
-1.842849807,12.27462746,banana
-5.71811694,2.931800417,banana
-1.556718787,2.424662196,banana
-4.492028433,0.857890913,banana
4.56274501,7.522719327,banana
5.937983542,3.395705285,banana
-5.611922012,6.220082835,banana
2.852025036,7.46109079,banana
0.849074325,6.611020749,banana
0.051477738,4.22317719,banana
-2.505964947,7.187140387,banana
-1.268328341,0.799197348,banana
4.237007298,1.043424987,banana
-2.032862893,3.454642349,banana
-2.401306184,2.515184981,banana
0.090205045,0.165051748,banana
-0.280660415,-0.703090759,banana
3.461677005,4.154353589,banana
5.496811691,1.727773013,banana
0.601375804,8.07883836,banana
7.996349376,1.961508509,banana
8.095935178,3.603083257,banana
4.004885424,8.493492585,banana
8.733374949,1.319915334,banana
2.271437392,6.602748664,banana
-1.434938659,6.25790913,banana
-4.149414964,1.054688698,banana
2.427913539,8.975406395,banana
4.821158911,-0.271493173,banana
3.392481786,0.406218316,banana
5.065257528,6.577154922,banana
1.783292526,4.465410381,banana
-2.647575058,6.190392097,banana
-1.178631993,4.108887876,banana
-3.766401621,8.348946143,banana
4.533621862,8.136182245,banana
-0.203439281,1.7392024,banana
-0.620098829,7.056619461,banana
-1.14575157,8.538422515,banana
-0.585115988,8.470061955,banana
-3.92627933,5.265264592,banana
1.629382468,13.56830235,banana
-0.826381469,-1.287236399,banana
3.718568617,1.815960564,banana
-3.900966007,5.33804399,banana
-1.885276525,6.785260038,banana
0.365959234,2.819455026,banana
3.46759795,5.411291866,banana
0.263115774,-2.506666279,banana
-0.086119835,3.971444375,banana
-2.281983302,5.826235445,banana
2.480879987,7.90678617,banana
-5.871153171,4.496750364,banana
0.062119379,7.850384634,banana
1.859365023,10.1573083,banana
1.077572679,3.96931545,banana
3.643266587,9.279269486,banana
4.188625751,11.59920218,banana
6.914979688,1.238266225,banana
2.812492845,3.996908468,banana
0.214893894,4.845122903,banana
-1.241320915,0.24291847,banana
4.634843038,3.439633561,banana
-5.037876137,9.181505078,banana
0.493291846,1.796583713,banana
-4.167735915,1.261139494,banana
5.656068406,-3.955559115,banana
7.066533756,3.54204943,banana
1.796741553,8.320979724,banana
2.158574661,1.846119958,banana
-6.247395083,1.484578282,banana
0.22772377,8.581973508,banana
4.648860522,2.863075464,banana
-8.670008496,5.827520795,banana
-2.727817565,10.96020733,banana
2.158774445,8.030233015,banana
1.631798714,5.853213162,banana
5.008397742,7.125889274,banana
-3.689284541,5.022990007,banana
-1.486538198,7.304227874,banana
0.89237416,4.941702257,banana
1.393472559,7.161748409,banana
0.883045401,2.892065047,banana
3.884679396,4.561689614,banana
-4.292862997,9.398185874,banana
-5.80542084,7.503643144,banana
2.614815154,6.932528691,banana
-1.593206996,1.707496635,banana
3.835754124,8.718213236,banana
-3.289996521,-1.102598701,banana
0.616943497,4.825425865,banana
1.661847169,15.33144099,banana
-1.568989177,9.959006984,banana
0.248812595,5.697714143,banana
2.45348892,4.410399302,banana
-3.174670674,-2.524013564,banana
-4.206177065,6.404848277,banana
2.08199649,-2.503308787,banana
5.1554258,8.719547121,banana
2.969942818,5.685731449,banana
4.999306777,8.907501193,banana
-5.430132379,5.778597083,banana
0.197002715,3.171529738,banana
-2.430536637,6.462530611,banana
4.34951793,-1.467928151,banana
4.874803505,3.489315735,banana
-1.77684869,5.714368346,banana
0.181457067,2.046951888,banana
5.638822511,3.631549116,banana
4.340762571,3.10473534,banana
1.070831353,10.35152431,banana
3.812717823,6.527398238,banana
-0.451035424,4.682943758,banana
1.395260809,12.17110065,banana
-3.512418862,5.232242334,banana
5.967018306,8.990001307,banana
2.346783808,3.287977599,banana
5.333281873,5.600231142,banana
4.615742307,1.680622685,banana
-4.520034412,8.669439017,banana
11.05493551,0.38196773,banana
0.048775794,6.511238345,banana
3.746947005,8.115322792,banana
-6.102423013,4.226576509,banana
5.362092762,-1.796611031,banana
-0.698560137,4.851675363,banana
0.793367434,6.224562331,banana
8.199145355,-2.733519741,banana
-1.983144881,4.747507646,banana
6.682057979,9.608176961,banana
-1.978246384,7.051826744,banana
0.476666135,8.277096872,banana
0.248338399,13.76155706,banana
1.089022914,7.049914949,banana
2.409764997,-0.165480165,banana
-1.605375931,0.905924236,banana
2.583536745,3.761106958,banana
6.896646494,5.030433671,banana
2.940132026,8.155585683,banana
-3.12580852,5.644911887,banana
-1.855120331,9.693952478,banana
-1.551188112,6.47232487,banana
-0.338457087,5.451990325,banana
7.374758261,2.258956734,banana
-1.180903278,1.169106511,banana
3.359110177,0.252527357,banana
1.955814338,11.01137805,banana
-3.827010424,6.757042828,banana
0.242737574,4.577039226,banana
4.006308762,1.754636157,banana
-1.743032008,9.771552395,banana
2.758765096,5.320100276,banana
-3.325000088,8.411640808,banana
-6.911550041,2.78351911,banana
2.362137623,1.648710704,banana
5.040465513,7.569211271,banana
-1.253170818,4.101758296,banana
-2.529844908,1.310248439,banana
-0.367185519,5.802218716,banana
5.709373444,1.277721061,banana
6.763510891,7.537998591,banana
0.963700263,1.74028757,banana
-5.508241919,9.649098927,banana
4.618420772,5.568732197,banana
-0.733272651,1.36522602,banana
4.667597888,7.18231157,banana
2.427737581,2.811809517,banana
3.645376883,3.169196299,banana
3.027034521,13.04358424,banana
-0.67541912,3.598332657,banana
-0.575509368,4.983812476,banana
0.612594172,6.506021575,banana
-2.998029906,5.915000759,banana
10.40842044,5.867296049,orange
1.553250614,1.974441591,orange
10.05291414,10.41770095,orange
15.4266775,11.72156052,orange
5.413195702,11.61700366,orange
7.206208651,9.246857403,orange
12.63106537,13.59333301,orange
9.0947372,14.93077433,orange
12.64165207,6.409568495,orange
8.246937929,11.82841238,orange
12.97953641,7.346184688,orange
4.61520896,10.47075279,orange
3.937011814,16.4867017,orange
9.750614152,13.52824065,orange
4.419668911,10.67755216,orange
6.837425735,12.63034474,orange
5.679542174,8.696675104,orange
7.802311669,9.089144715,orange
14.33357207,11.50158191,orange
7.130187228,7.605903709,orange
8.210374928,4.361758453,orange
4.26715471,9.562763732,orange
11.08878726,7.049587225,orange
6.353102855,12.68634069,orange
6.971340069,10.97162814,orange
14.98646725,10.32052353,orange
7.728241976,10.66100918,orange
12.89094118,3.219869247,orange
8.366339489,16.19021929,orange
10.77519656,11.53123382,orange
9.628785912,10.11828528,orange
12.4466974,7.643276039,orange
13.460206,5.700502528,orange
9.334402727,9.334145026,orange
7.050745358,6.542240636,orange
4.510189873,10.72699712,orange
3.649972089,13.42236854,orange
3.78283548,13.90302201,orange
11.41557701,10.93586929,orange
9.707519463,11.23470555,orange
14.65430498,11.92288402,orange
13.2735523,5.226266328,orange
16.39088493,12.73461451,orange
9.887410672,9.916054118,orange
6.82242094,13.31043535,orange
11.20300889,7.512822941,orange
14.5994803,5.293746298,orange
13.562032,4.772293876,orange
5.431882349,11.59216837,orange
5.132485707,17.73844508,orange
6.790400742,5.353201031,orange
6.913543092,7.969210526,orange
10.29158762,8.557946028,orange
9.158473313,5.448913218,orange
12.49395485,9.725138873,orange
8.724155513,8.88632541,orange
21.36396799,10.97255938,orange
14.23298971,10.36122655,orange
11.21990986,13.25649976,orange
10.84760118,8.014732318,orange
11.85621829,9.637449581,orange
8.835423596,11.20668057,orange
11.59344631,10.03576332,orange
14.07228182,8.669378408,orange
11.0771972,10.77321459,orange
8.173225776,10.18963808,orange
8.040458795,2.289344018,orange
6.468408461,13.68725894,orange
5.04817935,13.15289638,orange
12.46384775,11.25128897,orange
6.982863922,10.8827029,orange
6.79428882,12.01163817,orange
6.601874391,17.9634544,orange
14.53703199,11.48463913,orange
10.42419571,5.715592136,orange
11.10738514,13.06906135,orange
6.881469644,10.93658415,orange
7.444698468,11.37472711,orange
7.079093502,16.49963883,orange
8.589078928,9.05074159,orange
12.92306321,12.88161237,orange
7.674930292,12.56459296,orange
11.76959748,13.61096967,orange
14.19677065,17.55024048,orange
11.45681454,3.37294481,orange
4.76919811,6.039836877,orange
6.878983049,10.82666744,orange
6.72216372,11.36248325,orange
11.15375075,9.994759113,orange
11.95065037,6.529789036,orange
10.2299851,10.88579259,orange
5.570595922,10.37656349,orange
7.278086285,2.973074749,orange
7.738442234,11.32213763,orange
4.664103835,15.46701521,orange
12.64191377,7.834934512,orange
8.328628218,5.684515605,orange
10.31851357,3.209280197,orange
6.193762482,8.517450894,orange
10.17947319,9.365764667,orange
12.55346494,3.332899467,orange
6.657213373,12.4809909,orange
12.7194132,8.008949676,orange
14.65244758,7.519602765,orange
8.604953295,12.24736212,orange
13.18103203,9.302838665,orange
5.890005182,9.749178362,orange
11.36111409,8.341323188,orange
10.18773872,10.17235708,orange
5.869298092,12.11012074,orange
13.0107718,7.878723728,orange
8.735937524,15.21364192,orange
11.05752308,18.06491763,orange
10.41971061,9.165255747,orange
12.28268548,8.252994741,orange
10.26112036,7.37799502,orange
4.310882681,9.320105873,orange
9.071952143,13.31063249,orange
12.37967532,8.748774209,orange
11.47361921,14.68607511,orange
9.354970456,9.187036294,orange
10.16676188,11.5070475,orange
11.50022903,9.727360011,orange
12.53816101,3.512215638,orange
10.53007449,8.859666404,orange
14.28352518,13.15989073,orange
8.365765611,8.082080203,orange
9.044286989,7.221340943,orange
6.734221523,15.44047015,orange
10.84591961,10.81089049,orange
4.469938174,8.891857905,orange
9.650809157,12.9112757,orange
19.04298956,11.7831981,orange
6.260229712,12.4257437,orange
9.209707504,15.91147374,orange
8.099877027,13.14550169,orange
5.569623284,-4.383200687,orange
11.96545412,3.162152569,orange
14.37490697,14.71348258,orange
19.96472607,6.014031539,orange
13.42903111,4.373786075,orange
13.16317812,1.694047104,orange
9.713608528,0.750107545,orange
14.40586646,10.38181793,orange
11.65178307,13.79119445,orange
14.5814525,16.42321919,orange
10.11687955,10.55137601,orange
4.496769921,10.30232384,orange
4.928303217,8.396002588,orange
7.789480065,10.51827129,orange
8.324536911,8.779926735,orange
6.455259348,10.71250129,orange
11.04557262,5.222858647,orange
13.25595408,17.96453722,orange
10.22537238,11.87670431,orange
9.787373153,7.699930705,orange
4.160596332,5.172843558,orange
13.84341203,5.52264888,orange
3.186654148,12.96492956,orange
11.22038674,7.629170309,orange
10.50331323,5.127431624,orange
9.982092557,12.6255126,orange
5.807405482,9.900592748,orange
12.08377652,13.25939809,orange
12.40169282,8.721425,orange
9.283223472,8.998900263,orange
8.151216244,5.303086825,orange
4.115212356,12.84047799,orange
15.24406358,11.09499883,orange
15.33444399,8.035909829,orange
8.930300173,9.682556238,orange
7.774418889,16.02530253,orange
11.91375117,18.36720052,orange
11.36913563,7.120453925,orange
6.541616552,11.13297928,orange
11.86832193,11.42384877,orange
7.295968537,11.50003412,orange
9.28882963,11.96863751,orange
8.397199924,8.754958986,orange
8.280505022,12.98274815,orange
9.379742047,8.576861449,orange
10.94605482,14.68193665,orange
11.72795746,6.489208211,orange
12.63138104,12.85051996,orange
14.62658803,8.750729202,orange
9.673827428,9.292132282,orange
14.94424463,14.69202257,orange
14.84049129,8.848889762,orange
5.472031926,7.646556986,orange
10.36526815,12.14265466,orange
9.581430101,0.806780087,orange
7.055571265,10.283102,orange
11.0463822,17.04267162,orange
16.94379556,5.21881427,orange
10.29378178,9.379106264,orange
9.351203105,2.300407236,orange
10.26773349,11.64346692,orange
2.382624456,9.860906229,orange
10.46265567,8.237192397,orange
0.782604363,14.65863734,orange
9.736746476,11.74885809,orange
11.38399237,6.924527225,orange
7.470135427,11.08851585,orange
5.803038976,1.254107945,orange
8.140806983,8.812545701,orange
10.47661606,10.75778994,orange
12.13878257,9.743703913,orange
15.49781057,15.9073635,orange
11.68424963,10.49069838,orange
7.572597726,5.649050878,orange
8.012157091,6.440735262,orange
2.148671272,6.377002784,orange
6.148904874,11.32374641,orange
5.692432303,6.995845213,orange
6.287599118,7.465677492,orange
7.363391467,11.70099416,orange
7.895581798,0.587886168,orange
-0.448343376,9.607227433,orange
11.04288724,14.06927014,orange
12.81570841,10.89560179,orange
11.65861535,6.654356183,orange
3.546621414,11.50114337,orange
14.17618696,6.885220653,orange
5.967277857,0.616396036,orange
16.17348242,6.060118634,orange
16.24991603,8.485655977,orange
3.673035386,12.35349028,orange
10.85744589,8.971050583,orange
12.11113601,3.65931839,orange
12.2571852,9.049767151,orange
4.97133535,6.652938236,orange
10.78860448,14.62081549,orange
11.0571121,10.99709797,orange
13.45584633,11.58797521,orange
10.02760802,8.124337852,orange
7.137344475,3.74699146,orange
10.85896077,10.09988789,orange
7.101967051,13.49731487,orange
10.13860725,9.780175342,orange
13.25697632,3.224582235,orange
12.05763726,2.093792868,orange
11.02231775,12.18339933,orange
9.508671694,14.53697385,orange
4.027885336,6.589562359,orange
10.91033313,14.52342254,orange
6.723980394,8.658745976,orange
12.87831022,6.025751476,orange
14.39081986,8.20592929,orange
13.29089719,11.0919262,orange
1.688649626,5.386823602,orange
9.629793223,5.77702811,orange
12.93196226,10.58149325,orange
12.14141677,10.984416,orange
9.488935711,11.8941823,orange
9.355283053,10.43603445,orange
7.593006234,8.739628951,orange
10.10558895,14.64972011,orange
11.96561722,7.00947614,orange
10.51873229,14.22939799,orange
5.653254851,7.56050745,orange
8.556159355,8.533991643,orange
5.369972582,7.252531355,orange
10.06679929,8.841951327,orange
10.47365259,15.17765256,orange
11.03333045,4.463210179,orange
5.237914511,11.77644312,orange
7.376975153,7.768417194,orange
8.830062299,17.10267582,orange
4.585153881,14.91474286,orange
9.075046387,9.096283043,orange
7.718165821,4.789676097,orange
0.748666254,2.029661563,orange
11.77896104,8.320248115,orange
7.907699393,9.287010572,orange
10.69387752,6.731513293,orange
7.787447676,8.376749271,orange
15.24792699,6.684181201,orange
11.71647484,6.389580053,orange
11.56992267,10.17888504,orange
7.121021793,11.78423735,orange
12.38211442,11.96065031,orange
12.00570002,11.32824534,orange
8.421130526,8.926183942,orange
9.905872756,8.799188731,orange
6.519640305,9.187033794,orange
9.669577986,10.35283522,orange
9.118081073,11.88858793,orange
12.91659211,11.6626329,orange
8.704533076,10.15504912,orange
11.18667126,8.567612263,orange
10.65663977,7.854159089,orange
17.24455498,10.75634961,orange
9.981657631,9.131922935,orange
12.15372763,3.601300503,orange
3.790321574,6.108472308,orange
10.38942938,10.81924921,orange
12.5414837,13.88267825,orange
3.936991709,8.391068687,orange
10.22455412,11.34073044,orange
5.023858323,5.050921851,orange
9.994311817,15.24622426,orange
11.50106797,16.34808313,orange
9.131123188,12.92573135,orange
13.99665106,9.058956155,orange
9.533958981,6.511760724,orange
11.74188752,11.7772189,orange
10.79993992,12.90475561,orange
4.171215729,9.725230503,orange
11.74667367,9.932498488,orange
10.80434599,10.12759554,orange
3.375363615,15.27929193,orange
10.87873811,13.78131236,orange
7.337845836,11.08271074,orange
13.5781611,17.2710432,orange
4.415563238,6.767918234,orange
12.97670407,6.579919023,orange
4.737882733,13.52713146,orange
7.325931321,10.64121779,orange
10.78644511,8.432564495,orange
9.950690765,11.30657863,orange
8.494807604,6.315940842,orange
3.188798549,3.202425864,orange
2.629323948,10.81133533,orange
7.530358969,10.45133778,orange
10.30783427,10.97270332,orange
14.24320211,9.790991851,orange
8.100820061,8.341306766,orange
2.358579308,4.110417534,orange
13.60694461,14.88900768,orange
11.47972721,14.52939978,orange
8.927599973,6.719738868,orange
16.71977694,11.08376799,orange
12.4745755,10.81500497,orange
8.422282148,9.491736478,orange
10.29635379,9.565831381,orange
8.018396969,13.94626998,orange
9.547657866,11.40342916,orange
11.19827574,8.582369048,orange
15.95798538,6.690198914,orange
7.706568853,10.32010855,orange
9.42471398,6.393020973,orange
2.454036252,11.05573517,orange
4.237947518,10.99313085,orange
12.32276955,13.27787621,orange
14.92637073,10.9172754,orange
9.656943895,4.601650684,orange
11.18917363,10.68701858,orange
11.52010033,15.48206636,orange
14.3156675,10.10912346,orange
12.9758858,4.426774078,orange
7.71673044,6.333931458,orange
6.429009775,15.42110047,orange
9.217653311,9.497926034,orange
12.33477321,8.694469717,orange
11.62297608,13.80920099,orange
6.052879926,12.15909349,orange
10.10787367,11.25813701,orange
9.749413909,10.43717125,orange
8.271870788,11.1459181,orange
16.42508645,12.37851914,orange
6.673081673,11.33811205,orange
11.5867341,9.324288884,orange
12.43829193,10.23619027,orange
10.90513949,11.72942681,orange
4.00503927,9.901855302,orange
6.214631593,10.02733753,orange
12.77500913,14.54668706,orange
14.7880508,4.889601932,orange
4.035328848,8.943656859,orange
15.02534751,9.139292717,orange
10.09412983,6.433619653,orange
13.23860305,10.87565929,orange
9.457541048,14.1173699,orange
11.55463731,15.81360665,orange
9.499315559,14.68706614,orange
8.343367284,11.49814008,orange
9.926998318,9.375707664,orange
6.437870688,15.7100879,orange
7.595966477,8.955493978,orange
16.25667516,6.750629008,orange
13.24680059,9.081277912,orange
6.254007304,3.033699823,orange
6.799450385,4.834871621,orange
12.57950754,9.58106445,orange
7.464707483,8.595898655,orange
7.529930144,8.735390471,orange
13.12290228,7.451344192,orange
4.959907388,12.21457124,orange
7.929256688,7.61072189,orange
8.405290915,7.199142935,orange
8.105533599,12.29755315,orange
7.726625852,7.349048957,orange
9.646437898,15.26022127,orange
13.37519101,7.039715878,orange
7.941346022,8.403155361,orange
10.35926309,8.75425752,orange
9.087054038,5.470146901,orange
14.64076381,11.00130395,orange
13.01438231,14.06718789,orange
11.41644459,12.0441125,orange
15.17917959,10.10894065,orange
6.756207465,5.917973751,orange
6.848256501,13.88730744,orange
9.399437921,5.781523711,orange
16.69295681,13.71543833,orange
10.17255146,8.014446476,orange
8.456332482,11.9622608,orange
11.62060794,11.15776076,orange
8.839342257,-2.677404843,orange
11.31574958,11.47843731,orange
5.335754268,10.27700305,orange
12.14356661,10.34374735,orange
16.12870868,6.86211455,orange
10.44861684,8.611454202,orange
13.55336538,11.93798299,orange
10.0438299,5.609224971,orange
11.03966674,10.35825861,orange
9.565648234,8.340749201,orange
14.32935703,5.876729204,orange
7.206740538,10.45380979,orange
10.7524602,4.095458703,orange
7.312828021,8.064789316,orange
10.41410687,18.77137663,orange
10.00419659,7.440835243,orange
10.75886961,9.24910362,orange
11.56564922,7.56407493,orange
6.427223807,11.31672129,orange
11.71020638,7.378132457,orange
10.46495513,10.33016321,orange
10.68054743,22.45191621,orange
9.557580695,11.67034459,orange
-1.174934336,6.057289143,orange
9.04578914,9.064743452,orange
12.17197449,5.018879626,orange
4.228271291,14.1258692,orange
12.60858858,7.679699736,orange
10.50451819,10.69448294,orange
7.899045586,9.873644365,orange
6.590618841,12.40815448,orange
11.39577152,10.36135777,orange
8.585985278,4.199539617,orange
9.930918109,19.905941,orange
10.43760701,8.243438115,orange
3.211631073,1.213571853,orange
14.99401789,7.847342969,orange
15.16377929,4.789725815,orange
12.76129226,13.63808195,orange
8.379724804,11.75131098,orange
6.671831494,12.44273797,orange
9.750866895,11.88331034,orange
12.13890287,12.94701952,orange
9.828414874,10.61051829,orange
14.92657924,14.74971867,orange
12.41493055,10.95007915,orange
9.643954183,11.92606737,orange
15.02248424,2.73867397,orange
20.7642892,6.36275608,orange
3.14057785,10.02821829,orange
12.09145339,11.88506391,orange
15.19441309,11.9764698,orange
9.229812381,15.88668556,orange
13.44162147,8.680800479,orange
11.33400843,15.49317209,orange
13.30785635,7.34397357,orange
6.988003576,11.52316913,orange
8.656028428,11.52315239,orange
11.67619295,2.030492493,orange
9.485919639,9.792209756,orange
0.01919333,10.89418015,orange
5.17553098,8.409283766,orange
9.761738764,6.457239342,orange
12.18770027,13.7862964,orange
13.60224505,7.597920854,orange
5.999472093,5.282818682,orange
5.280181193,12.54843077,orange
9.230604685,13.276941,orange
6.618560021,15.7156678,orange
1.773692977,13.08234258,orange
10.76877449,4.650201705,orange
15.55225624,12.05932237,orange
5.321630655,12.30533731,orange
2.804338494,9.564325367,orange
10.99610172,12.06574778,orange
12.73152972,12.64824396,orange
7.563761568,10.69185182,orange
16.12479059,10.88769974,orange
12.44347678,10.91984969,orange
17.20497617,10.91023181,orange
9.633108232,6.058178441,orange
11.31972395,11.90502887,orange
12.37194008,7.884647466,orange
8.372276807,7.939088679,orange
14.43786043,7.579574748,orange
9.791355338,14.70872341,orange
15.31962966,18.35475797,orange
5.723135365,10.42375413,orange
5.526110836,6.526866866,orange
11.74875014,10.88896908,orange
11.40868424,9.11551786,orange
11.37141056,4.657547799,orange
